ticker name,date,sentiment_score,price_delta,price,influence
AAPL,2015-02-17,0.22325,0.8209840000000099,117.915962,1
AAPL,2015-02-18,0.24996000000000002,-0.24907699999999977,118.736946,-1
AAPL,2015-02-19,0.13486666666666666,0.9685750000000013,118.487869,1
AAPL,2015-02-23,0.18014285714285716,-0.7656179999999893,122.684975,-1
AAPL,2015-02-24,0.14372000000000001,-3.1178660000000065,121.919357,-1
AAPL,2015-02-25,-0.058685714285714285,1.503592999999995,118.801491,1
AAPL,2015-02-26,0.2972,-1.8079679999999883,120.305084,-1
AAPL,2015-03-01,-0.09545,0.581122999999991,,1
AAPL,2015-03-02,0.07662,0.249054000000001,119.078239,1
AAPL,2015-03-03,0.1637666666666667,-0.7564079999999933,119.327293,-1
AAPL,2015-03-04,-0.25739,-1.9647910000000053,118.570885,-1
AAPL,2015-03-05,-0.034857142857142864,0.17525500000000704,116.606094,1
AAPL,2015-03-08,-0.4019,0.4981079999999878,,1
AAPL,2015-03-09,0.06670000000000001,-2.4260249999999957,117.279457,-1
AAPL,2015-03-10,0.10046,-2.093918000000002,114.853432,-1
AAPL,2015-03-11,-0.261625,2.0385890000000018,112.759514,1
AAPL,2015-03-16,0.1779,1.9279180000000053,115.259315,1
AAPL,2015-03-17,0.06573,1.319076999999993,117.187233,1
AAPL,2015-03-18,0.1687625,-0.8947450000000003,118.50631,-1
AAPL,2015-03-23,0.7003,-0.47966699999999207,117.344032,-1
AAPL,2015-03-24,-0.28595,-3.0532690000000002,116.864365,-1
AAPL,2015-03-26,0.4423,-0.9132230000000021,114.604393,-1
AAPL,2015-04-08,-0.050775,0.8855360000000019,115.85891,1
AAPL,2015-04-09,0.35184,0.49814600000000553,116.744446,1
AAPL,2015-04-13,0.3276857142857143,-0.5073250000000087,117.011948,-1
AAPL,2015-04-14,-0.15984999999999996,0.4427570000000003,116.504623,1
AAPL,2015-04-15,0.05464,-0.5626749999999987,116.94738,-1
AAPL,2015-04-22,0.02965,0.9685589999999991,118.644707,1
AAPL,2015-04-23,-0.21378333333333335,0.5626830000000069,119.613266,1
AAPL,2015-04-27,-0.001869999999999998,-1.9278560000000056,122.362091,-1
AAPL,2015-04-28,0.17407,-1.771088000000006,120.434235,-1
AAPL,2015-04-29,0.17018,-3.219336999999996,118.663147,-1
AAPL,2015-04-30,-0.09899,3.5052790000000016,115.44381,1
AAPL,2015-05-04,0.6124,-2.675094999999999,118.718491,-1
AAPL,2015-05-06,0.05483333333333334,0.7132339999999999,115.314674,1
AAPL,2015-05-13,-0.22199999999999998,2.7232900000000058,116.722656,1
AAPL,2015-05-14,0.05103333333333334,-0.1667330000000078,119.445946,-1
AAPL,2015-05-18,0.24505,-0.11115300000000161,120.594551,-1
AAPL,2015-05-19,0.27321,-0.009253999999998541,120.483398,-1
AAPL,2015-05-20,0.2363,1.2319949999999977,120.474144,1
AAPL,2015-05-21,0.02552857142857143,1.0652310000000114,121.706139,1
AAPL,2015-05-26,-0.07955,2.241653999999997,120.066551,1
AAPL,2015-05-28,-0.5106,-1.3894420000000025,122.067375,-1
AAPL,2015-06-01,-0.5719,-0.5372389999999996,120.918762,-1
AAPL,2015-06-03,-0.2833333333333334,-0.7039789999999897,120.529716,-1
AAPL,2015-06-04,-0.0256,-0.6576840000000033,119.825737,-1
AAPL,2015-06-07,-0.06846666666666666,-0.7873390000000029,,-1
AAPL,2015-06-08,0.16077,-0.35199699999999723,118.380714,-1
AAPL,2015-06-10,0.2323,-0.26862300000000516,119.381111,-1
AAPL,2015-06-11,-0.17570999999999998,-1.315337999999997,119.112488,-1
AAPL,2015-06-15,-0.1027,0.6298820000000092,117.565575,1
AAPL,2015-06-17,-0.34409999999999996,0.5372459999999961,117.917557,1
AAPL,2015-06-18,0.1310625,-1.1856459999999913,118.454803,-1
AAPL,2015-06-22,0.5719,-0.5372469999999936,118.204712,-1
AAPL,2015-06-23,0.50615,1.0004049999999864,117.667465,1
AAPL,2015-06-24,0.25,-0.5650329999999997,118.66787,-1
AAPL,2015-06-25,0.03187499999999999,-0.6947329999999994,118.102837,-1
AAPL,2015-06-30,0.5003000000000001,1.0837700000000012,116.185387,1
AAPL,2015-07-08,0.045930000000000006,-2.315742,113.536186,-1
AAPL,2015-07-09,-0.1953,2.973404000000002,111.220444,1
AAPL,2015-07-13,-0.3716,-0.04634099999999819,116.398453,-1
AAPL,2015-07-14,0.10796666666666667,1.120833999999988,116.352112,1
AAPL,2015-07-15,0.4215,1.5654300000000063,117.472946,1
AAPL,2015-07-16,0.02807142857142857,1.0281750000000045,119.038376,1
AAPL,2015-07-21,-0.012439999999999996,-5.122420999999989,121.113289,-1
AAPL,2015-07-22,-0.22139999999999999,-0.05557300000000964,115.990868,-1
AAPL,2015-07-23,0.15512857142857142,-0.6113659999999896,115.935295,-1
AAPL,2015-07-27,0.42460000000000003,0.5650480000000044,113.721443,1
AAPL,2015-07-30,0.13991428571428569,-0.9911579999999987,113.350945,-1
AAPL,2015-08-02,0.10115,-2.6492080000000016,,-1
AAPL,2015-08-03,-0.11839999999999999,-3.519927999999993,109.710579,-1
AAPL,2015-08-04,-0.12576,0.7039790000000039,106.190651,1
AAPL,2015-08-05,-0.5423,0.23261300000000062,106.89463,1
AAPL,2015-08-06,0.17768333333333333,0.362891999999988,107.127243,1
AAPL,2015-08-12,-0.02054,-0.08372499999998695,107.229599,-1
AAPL,2015-08-13,-0.2595166666666667,0.7536849999999902,107.145874,1
AAPL,2015-08-17,0.10534999999999997,-0.6141279999999938,109.016144,-1
AAPL,2015-08-19,-0.5171,-2.1959310000000016,107.015587,-1
AAPL,2015-08-20,0.12765,-6.411102,104.819656,-1
AAPL,2015-08-24,0.04209999999999999,0.5768740000000037,95.952095,1
AAPL,2015-08-25,-0.27295714285714284,5.536422999999999,96.528969,1
AAPL,2015-08-26,0.0129,3.0054930000000013,102.065392,1
AAPL,2015-08-27,-0.08886000000000001,0.34426899999999705,105.070885,1
AAPL,2015-08-31,0.2936,-4.689682000000005,104.922005,-1
AAPL,2015-09-01,0.18248,4.29885800000001,100.232323,1
AAPL,2015-09-02,0.4351,-1.8330610000000007,104.531181,-1
AAPL,2015-09-03,0.059199999999999996,-1.0235440000000011,102.69812,-1
AAPL,2015-09-09,0.14672999999999997,2.251800000000003,102.493416,1
AAPL,2015-09-10,0.16805,1.525977999999995,104.745216,1
AAPL,2015-09-14,0.04933333333333333,0.9025869999999969,107.294724,1
AAPL,2015-09-16,0.0615875,-2.316941,108.318291,-1
AAPL,2015-09-17,-0.10949999999999997,-0.43730899999999906,106.00135,-1
AAPL,2015-09-21,-0.04943333333333333,-1.6841889999999893,107.201698,-1
AAPL,2015-09-22,-0.0843,0.8560489999999987,105.517509,1
AAPL,2015-09-23,0.24739999999999998,0.6327359999999942,106.373558,1
AAPL,2015-09-24,-0.15128999999999998,-0.26983599999999797,107.006294,-1
AAPL,2015-09-30,0.036571428571428574,-0.6699600000000032,102.632996,-1
AAPL,2015-10-01,-0.12042857142857143,0.7443919999999906,101.963036,1
AAPL,2015-10-05,0.7783,0.4931410000000085,103.079636,1
AAPL,2015-10-06,-0.2949,-0.4931410000000085,103.572777,-1
AAPL,2015-10-08,0.3818,2.4378970000000066,101.888588,1
AAPL,2015-10-13,0.20278888888888888,-1.4701539999999937,104.019409,-1
AAPL,2015-10-14,-0.38586,1.535308999999998,102.549255,1
AAPL,2015-10-19,-0.16972500000000001,1.8982079999999968,103.963593,1
AAPL,2015-10-20,0.22737,-0.009308000000004313,105.861801,-1
AAPL,2015-10-21,0.568425,1.6190650000000062,105.852493,1
AAPL,2015-10-22,-0.4019,3.331114999999997,107.471558,1
AAPL,2015-10-25,0.4404,-3.535843,,-1
AAPL,2015-10-26,0.36195999999999995,-0.6792669999999958,107.26683,-1
AAPL,2015-10-27,0.12761111111111112,4.391905999999992,106.587563,1
AAPL,2015-10-28,0.40436000000000005,1.1724320000000006,110.979469,1
AAPL,2015-10-29,0.6172,-0.9583969999999908,112.151901,-1
AAPL,2015-11-05,0.1779,0.1308209999999974,112.996407,1
AAPL,2015-11-08,-0.6124,-0.45786300000000324,,-1
AAPL,2015-11-09,-0.07281428571428572,-3.5510249999999957,112.669365,-1
AAPL,2015-11-10,-0.02551666666666667,-0.616737999999998,109.11834,-1
AAPL,2015-11-11,0.18843333333333334,-0.36446400000001233,108.501602,-1
AAPL,2015-11-12,-0.34,-3.1585079999999977,108.137138,-1
AAPL,2015-11-15,0.0258,1.71944400000001,,1
AAPL,2015-11-16,0.4588,-0.4579010000000068,106.698074,-1
AAPL,2015-11-17,0.6908,3.3640900000000045,106.240173,1
AAPL,2015-11-24,-0.061619999999999994,-0.7943269999999956,111.090088,-1
AAPL,2015-12-02,0.39225,-1.0092240000000032,108.660454,-1
AAPL,2015-12-08,0.7918000000000001,-2.438957000000002,110.482658,-1
AAPL,2015-12-09,-0.7049,0.5139620000000065,108.043701,1
AAPL,2015-12-10,-0.008433333333333334,-2.7940750000000065,108.557663,-1
AAPL,2015-12-14,0.2749666666666667,-1.8595810000000057,105.109451,-1
AAPL,2015-12-15,0.03088,0.794280999999998,103.24987,1
AAPL,2015-12-16,0.08176000000000001,-2.205337,104.044151,-1
AAPL,2015-12-17,0.07024999999999999,-2.7566989999999976,101.838814,-1
AAPL,2015-12-21,0.1562,-0.0934299999999979,100.296921,-1
AAPL,2015-12-23,0.16972500000000001,-0.5419929999999908,101.49305,-1
AAPL,2015-12-28,-0.3548,1.7941670000000016,99.820358,1
AAPL,2015-12-30,-0.2628555555555556,-1.9250030000000038,100.287575,-1
AAPL,2016-01-04,0.0086,-2.4669800000000066,98.446655,-1
AAPL,2016-01-05,-0.0892111111111111,-1.8782879999999977,95.979675,-1
AAPL,2016-01-06,0.21969,-3.9715190000000007,94.101387,-1
AAPL,2016-01-07,-0.05346666666666666,0.4765699999999953,90.129868,1
AAPL,2016-01-11,0.11315,1.3363110000000091,92.073563,1
AAPL,2016-01-19,0.6369,0.12147499999998956,90.326103,1
AAPL,2016-01-20,0.23835,-0.4578779999999938,90.447578,-1
AAPL,2016-01-25,0.3807,0.5139309999999995,92.923958,1
AAPL,2016-01-26,0.07338000000000001,-6.139472999999995,93.437889,-1
AAPL,2016-01-27,-0.11966999999999998,0.6260839999999916,87.298416,1
AAPL,2016-02-01,0.7685,-1.822205000000011,90.111168,-1
AAPL,2016-02-02,0.4137142857142857,1.7474600000000038,88.288963,1
AAPL,2016-02-03,0.25,0.7234420000000057,90.036423,1
AAPL,2016-02-04,0.25,-2.4240270000000095,90.759865,-1
AAPL,2016-02-08,-0.25899999999999995,-0.01879099999999312,89.266014,-1
AAPL,2016-02-16,0.19487142857142858,1.390525000000011,90.79744,1
AAPL,2016-02-17,0.30823999999999996,-1.7475349999999992,92.187965,-1
AAPL,2016-02-18,0.47290000000000004,-0.20671100000001275,90.44043,-1
AAPL,2016-02-22,0.024919999999999987,-2.057610000000011,91.022934,-1
AAPL,2016-02-23,0.47990000000000005,1.3247610000000094,88.965324,1
AAPL,2016-02-24,0.2706,0.6201169999999934,90.290085,1
AAPL,2016-02-25,-0.03526999999999998,0.14092999999999734,90.910202,1
AAPL,2016-02-29,0.17214999999999997,3.6078270000000003,90.844444,1
AAPL,2016-03-01,-0.01996249999999999,0.20670300000000452,94.452271,1
AAPL,2016-03-03,0.026879999999999994,1.4187009999999987,95.36364,1
AAPL,2016-03-07,0.16266666666666665,-0.7892080000000021,95.711258,-1
AAPL,2016-03-10,0.08885000000000001,1.024078000000003,95.053589,1
AAPL,2016-03-15,-0.009083333333333327,1.305962000000008,98.257431,1
AAPL,2016-03-16,0.12132857142857144,-0.15972200000000214,99.563393,-1
AAPL,2016-03-17,0.07925,0.11273199999999406,99.403671,1
AAPL,2016-03-21,0.38761249999999997,0.7610320000000002,99.507019,1
AAPL,2016-03-22,0.19032,-0.5543590000000052,100.268051,-1
AAPL,2016-03-23,-0.09676666666666667,-0.4321599999999961,99.713692,-1
AAPL,2016-03-29,-0.149025,1.7663500000000028,101.170006,1
AAPL,2016-03-30,0.2807428571428571,-0.5355610000000013,102.936356,-1
AAPL,2016-03-31,-0.06846666666666666,0.939551999999992,102.400795,1
AAPL,2016-04-04,-0.18213333333333334,-1.2307819999999907,104.402031,-1
AAPL,2016-04-13,0.1055,0.05637400000000525,105.266418,1
AAPL,2016-04-14,0.14197,-2.1139750000000106,105.322792,-1
AAPL,2016-04-19,0.14006000000000002,0.20669599999999377,100.446556,1
AAPL,2016-04-20,-0.1591,-1.08985899999999,100.653252,-1
AAPL,2016-04-25,-0.296,-0.6858600000000052,98.727196,-1
AAPL,2016-04-26,0.19502,-6.135222999999996,98.041336,-1
AAPL,2016-04-27,0.03405,-2.809235000000001,91.906113,-1
AAPL,2016-04-28,0.051119999999999985,-1.0241160000000065,89.096878,-1
AAPL,2016-05-04,-0.08333333333333333,-0.3591989999999896,88.495567,-1
AAPL,2016-05-05,-0.074,-0.4915160000000043,88.136368,-1
AAPL,2016-05-09,0.17556666666666665,0.5955050000000028,87.711006,1
AAPL,2016-05-10,-0.03423333333333333,-0.8601840000000038,88.306511,-1
AAPL,2016-05-12,-0.08741999999999998,0.17014300000001015,85.395096,1
AAPL,2016-05-16,0.2930111111111111,-0.368653000000009,88.741341,-1
AAPL,2016-05-17,0.16978,1.0114209999999986,88.372688,1
AAPL,2016-05-18,0.100475,-0.3402929999999884,89.384109,-1
AAPL,2016-05-19,0.205525,0.9641799999999989,89.043816,1
AAPL,2016-05-24,0.5224399999999999,1.6258470000000074,92.541298,1
AAPL,2016-05-25,0.09186000000000001,0.7467649999999963,94.167145,1
AAPL,2016-05-26,0.0258,-0.056725000000000136,94.91391,-1
AAPL,2016-06-01,-0.11043750000000001,-0.6994779999999992,93.070633,-1
AAPL,2016-06-02,0.1531,0.18904100000000312,92.371155,1
AAPL,2016-06-07,-0.20653333333333335,-0.08507600000000082,93.609444,-1
AAPL,2016-06-13,0.18359999999999999,0.1134490000000028,92.01194,1
AAPL,2016-06-14,0.005966666666666676,-0.3024899999999917,92.125389,-1
AAPL,2016-06-20,-0.038325,0.7656550000000095,89.894562,1
AAPL,2016-06-28,0.25,0.7656550000000095,88.467209,1
AAPL,2016-07-12,-0.5574,-0.5198979999999978,92.087578,-1
AAPL,2016-07-21,-0.10206666666666668,-0.7278510000000011,93.987556,-1
AAPL,2016-07-25,-0.37895,-0.6333159999999936,92.01194,-1
AAPL,2016-07-26,-0.06862857142857143,5.936240999999995,91.378624,1
AAPL,2016-07-27,0.42198,1.313904000000008,97.314865,1
AAPL,2016-08-01,0.3453428571428572,-1.4840540000000004,100.245193,-1
AAPL,2016-08-02,0.07021999999999999,1.2382889999999946,98.761139,1
AAPL,2016-08-03,0.3182,0.6177600000000041,99.999428,1
AAPL,2016-08-04,0.1779,1.530113,100.617188,1
AAPL,2016-08-15,0.269875,-0.0950470000000081,104.048073,-1
AAPL,2016-08-16,0.26288,-0.15207699999999136,103.953026,-1
AAPL,2016-08-17,-0.006649999999999989,-0.13304100000000574,103.800949,-1
AAPL,2016-08-18,-0.15330000000000002,0.26610499999999604,103.667908,1
AAPL,2016-08-23,-0.13935,-0.7793120000000044,103.449318,-1
AAPL,2016-08-25,0.17556666666666665,-0.5987619999999936,102.232841,-1
AAPL,2016-08-29,-0.1806,-0.7792969999999997,101.520035,-1
AAPL,2016-08-30,0.005470000000000005,0.09502400000000932,100.740738,1
AAPL,2016-08-31,-0.19178,0.598747000000003,100.835762,1
AAPL,2016-09-01,0.14366666666666666,0.9503859999999946,101.434509,1
AAPL,2016-09-07,0.4799125,-2.6990959999999973,102.983627,-1
AAPL,2016-09-08,0.2902888888888889,-2.271416000000002,100.284531,-1
AAPL,2016-09-13,0.8357,3.6304850000000073,102.593964,1
AAPL,2016-09-14,0.3052625,3.6114499999999907,106.224449,1
AAPL,2016-09-15,0.12987777777777776,-0.6177440000000018,109.835899,-1
AAPL,2016-09-20,0.09866666666666667,-0.01901199999998937,107.935127,-1
AAPL,2016-09-21,-0.056575,1.0169289999999904,107.916115,1
AAPL,2016-09-26,-0.17840000000000003,0.199577000000005,107.279366,1
AAPL,2016-09-27,-0.128,0.8173369999999949,107.478943,1
AAPL,2016-09-28,0.6597,-1.6821669999999926,108.29628,-1
AAPL,2016-09-29,0.2263,0.8268199999999979,106.614113,1
AAPL,2016-10-03,-0.2263,0.4562000000000097,106.93721,1
AAPL,2016-10-05,0.1505375,0.7983169999999973,107.440933,1
AAPL,2016-10-06,0.2787,0.1615680000000026,108.23925,1
AAPL,2016-10-10,0.013766666666666668,0.23761000000000365,110.292084,1
AAPL,2016-10-11,0.7579,0.9883799999999923,110.529694,1
AAPL,2016-10-12,0.63425,-0.342133000000004,111.518074,-1
AAPL,2016-10-13,0.5106,0.6177449999999993,111.175941,1
AAPL,2016-10-19,-0.08872499999999997,-0.057037999999991484,111.309006,-1
AAPL,2016-10-20,0.34,-0.4371640000000099,111.251968,-1
AAPL,2016-10-25,-0.005549999999999999,-2.5280149999999963,112.382919,-1
AAPL,2016-10-26,-0.008679999999999998,-1.0549239999999998,109.854904,-1
AAPL,2016-10-27,0.05103333333333334,-0.722282000000007,108.79998,-1
AAPL,2016-11-01,-0.6249,0.09503200000000334,105.958328,1
AAPL,2016-11-07,0.08533333333333333,0.6209180000000032,105.470665,1
AAPL,2016-11-08,-0.128,-0.17194299999999885,106.091583,-1
AAPL,2016-11-09,0.5267,-2.9517600000000073,105.91964,-1
AAPL,2016-11-10,0.296,0.6113740000000121,102.96788,1
AAPL,2016-11-14,-0.42868000000000006,1.337372000000002,100.980919,1
AAPL,2016-11-15,0.030919999999999996,2.7511590000000012,102.318291,1
AAPL,2016-11-16,0.12039999999999998,-0.038223000000002116,105.06945,-1
AAPL,2016-11-17,0.29295,0.10509500000000571,105.031227,1
AAPL,2016-11-21,-0.3182,0.06687100000000612,106.731606,1
AAPL,2016-11-28,-0.1531,-0.10506499999999619,106.578766,-1
AAPL,2016-11-29,-0.038275,-0.8979640000000018,106.473701,-1
AAPL,2016-11-30,0.4404,-0.9839249999999993,105.575737,-1
AAPL,2016-12-06,0.127825,1.0317000000000007,105.031227,1
AAPL,2016-12-07,-0.046725,1.0412450000000035,106.062927,1
AAPL,2016-12-12,0.0258,1.8054429999999968,108.231384,1
AAPL,2016-12-13,-0.2263,0.0,110.036827,0
AAPL,2016-12-19,0.1518666666666667,0.29614200000000324,111.421944,1
AAPL,2016-12-20,-0.4019,0.10508799999999496,111.718086,1
AAPL,2016-12-22,-0.00410000000000003,0.21971200000000124,111.087608,1
AAPL,2017-01-02,0.3182,0.3152469999999994,,1
AAPL,2017-01-05,0.1486,1.2418359999999922,111.393303,1
AAPL,2017-01-12,-0.11315000000000001,-0.20059999999999434,113.915184,-1
AAPL,2017-01-17,-0.3182,-0.0095670000000041,114.631653,-1
AAPL,2017-01-19,0.28982499999999994,0.21016699999999844,114.421486,1
AAPL,2017-01-24,0.064,1.8245540000000062,114.602982,1
AAPL,2017-01-25,-0.47387999999999997,0.057319999999990046,116.427536,1
AAPL,2017-01-26,-0.5574,0.009559000000010087,116.484856,1
AAPL,2017-01-31,0.3901,7.068961999999999,115.921227,1
AAPL,2017-02-01,0.25678,-0.21014399999999966,122.990189,-1
AAPL,2017-02-02,-0.085,0.5253900000000016,122.780045,1
AAPL,2017-02-07,0.3182,0.4872130000000112,125.645805,1
AAPL,2017-02-08,-0.05135,0.9114309999999932,126.133018,1
AAPL,2017-02-09,0.2023,-0.2878340000000037,127.044449,-1
AAPL,2017-02-12,0.3612,1.122489999999999,,1
AAPL,2017-02-13,0.2525,1.6598049999999915,127.879105,1
AAPL,2017-02-14,0.34185999999999994,0.4701080000000104,129.53891,1
AAPL,2017-02-15,0.04595999999999999,-0.15351899999998864,130.009018,-1
AAPL,2017-02-21,-0.6124,0.39332600000000184,131.150726,1
AAPL,2017-02-27,0.296,0.05758700000001227,131.371368,1
AAPL,2017-02-28,-0.08146666666666666,2.6863250000000107,131.428955,1
AAPL,2017-03-01,0.0516,-0.7963410000000124,134.11528,-1
AAPL,2017-03-02,0.0129,0.7867129999999918,133.318939,1
AAPL,2017-03-06,0.296,0.17271500000001083,133.683517,1
AAPL,2017-03-09,-0.41805000000000003,0.44134600000001,133.050323,1
AAPL,2017-03-16,-0.8807,-0.6715549999999837,134.978714,-1
AAPL,2017-03-21,0.15538888888888888,1.5158690000000092,134.163223,1
AAPL,2017-03-27,-0.0843,2.8014530000000093,135.161026,1
AAPL,2017-04-03,-0.09006666666666667,1.0265799999999956,137.866547,1
AAPL,2017-04-05,0.334775,-0.34538200000000074,138.173553,-1
AAPL,2017-04-06,0.059633333333333316,-0.30702199999998925,137.828171,-1
AAPL,2017-04-11,-0.19171111111111108,0.1630700000000047,135.880585,1
AAPL,2017-04-12,0.14049999999999999,-0.7194969999999898,136.043655,-1
AAPL,2017-04-17,0.10115,-0.6044160000000147,136.072449,-1
AAPL,2017-04-18,-0.4767,-0.4989169999999774,135.468033,-1
AAPL,2017-04-19,0.09857142857142856,1.6885989999999822,134.969116,1
AAPL,2017-04-20,-0.7351,-0.16311699999999973,136.657715,-1
AAPL,2017-04-25,0.5713142857142857,-0.8155059999999992,138.662857,-1
AAPL,2017-05-01,0.062266666666666665,0.8922570000000007,140.629639,1
AAPL,2017-05-02,0.26498,-0.43174700000000144,141.521896,-1
AAPL,2017-05-03,0.11886999999999999,-0.5084990000000005,141.090149,-1
AAPL,2017-05-04,0.13098,2.331360000000018,140.58165,1
AAPL,2017-05-09,0.13886666666666667,-0.7003330000000005,147.7388,-1
AAPL,2017-05-10,0.08784444444444445,1.2716220000000078,147.038467,1
AAPL,2017-05-11,-0.11043333333333334,2.0712279999999907,148.310089,1
AAPL,2017-05-15,0.211575,-0.22157300000000646,149.995987,-1
AAPL,2017-05-17,-0.14020000000000002,2.2061000000000206,144.745636,1
AAPL,2017-05-18,-0.34103333333333324,0.500945999999999,146.951736,1
AAPL,2017-05-23,0.15294285714285719,-0.44312999999999647,148.165573,-1
AAPL,2017-05-30,0.21696666666666664,-0.8766779999999983,148.040359,-1
AAPL,2017-06-04,0.5719,-1.4643399999999929,,-1
AAPL,2017-06-05,0.1214,0.500961999999987,148.290817,1
AAPL,2017-06-06,-0.01544,0.8862909999999999,148.791779,1
AAPL,2017-06-07,0.0172,-0.36607399999999757,149.67807,-1
AAPL,2017-06-12,0.21000000000000002,1.1271519999999953,140.09259,1
AAPL,2017-06-14,0.35015,-0.8381809999999916,139.842133,-1
AAPL,2017-06-15,0.13486666666666666,-1.945968999999991,139.003952,-1
AAPL,2017-06-20,-0.4939,0.8284920000000113,139.697601,1
AAPL,2017-06-21,-0.4939,-0.23117099999998914,140.526093,-1
AAPL,2017-06-22,0.009440000000000004,0.6261599999999987,140.294922,1
AAPL,2017-06-26,0.27192,-2.0134579999999858,140.477951,-1
AAPL,2017-06-28,0.4588,-2.0712580000000003,140.487579,-1
AAPL,2017-06-29,0.4588,0.32757499999999595,138.416321,1
AAPL,2017-07-04,-0.008499999999999988,0.5684049999999843,,1
AAPL,2017-07-06,0.32176,1.3968659999999886,137.501144,1
AAPL,2017-07-10,0.25383333333333336,0.45278899999999567,139.745758,1
AAPL,2017-07-12,-0.09950000000000002,1.9556579999999997,140.400864,1
AAPL,2017-07-13,0.08231666666666666,1.2234339999999975,142.356522,1
AAPL,2017-07-19,0.06655,-0.6550909999999988,145.487427,-1
AAPL,2017-07-20,-0.6520400000000001,-0.0674280000000067,144.832336,-1
AAPL,2017-07-25,0.43188000000000004,0.693634000000003,147.144424,1
AAPL,2017-07-27,0.025124999999999995,-1.0211639999999989,145.044281,-1
AAPL,2017-07-30,-0.3548,-0.7418060000000253,,-1
AAPL,2017-07-31,-0.030220000000000004,1.2716520000000173,143.281311,1
AAPL,2017-08-01,0.28609999999999997,6.830261000000007,144.552963,1
AAPL,2017-08-02,-0.00258,-1.5124810000000082,151.383224,-1
AAPL,2017-08-03,-0.063975,0.7899779999999907,149.870743,1
AAPL,2017-08-07,0.0043,1.2234650000000045,152.992065,1
AAPL,2017-08-08,0.16392,0.944076999999993,154.21553,1
AAPL,2017-08-09,-0.3463333333333333,-4.94210799999999,155.159607,-1
AAPL,2017-08-10,-0.17759999999999998,2.089049999999986,150.217499,1
AAPL,2017-08-14,0.14276666666666665,1.6924889999999948,154.598694,1
AAPL,2017-08-16,-0.032,-2.9884639999999933,155.662521,-1
AAPL,2017-08-17,-0.03030000000000002,-0.34816000000000713,152.674057,-1
AAPL,2017-08-24,0.6597,0.5706179999999961,154.037735,1
AAPL,2017-08-28,0.3818,1.3927160000000072,156.165451,1
AAPL,2017-08-29,0.6808,0.4255369999999914,157.558167,1
AAPL,2017-08-30,-0.062387500000000005,0.6286460000000034,157.983704,1
AAPL,2017-09-05,0.6124,-0.16444400000000314,156.755432,-1
AAPL,2017-09-06,-0.136,-0.6286470000000008,156.590988,-1
AAPL,2017-09-12,0.13801,-1.1702579999999898,155.575516,-1
AAPL,2017-09-13,-0.028210000000000006,-1.3250120000000152,154.405258,-1
AAPL,2017-09-19,0.3058666666666667,-2.5726009999999917,153.515472,-1
AAPL,2017-09-20,0.06418571428571429,-2.5919800000000066,150.942871,-1
AAPL,2017-09-21,0.18341666666666664,-1.4507139999999765,148.350891,-1
AAPL,2017-09-25,0.024560000000000005,2.5049140000000136,145.604202,1
AAPL,2017-09-26,0.00645,1.0541839999999922,148.109116,1
AAPL,2017-09-28,0.0086,0.8123930000000144,148.244507,1
AAPL,2017-10-04,0.1867375,1.8472139999999797,148.437958,1
AAPL,2017-10-05,0.0086,-0.08703699999998094,150.285172,-1
AAPL,2017-10-09,0.2391,0.05802900000000477,150.720398,1
AAPL,2017-10-10,0.2769571428571428,0.6286770000000104,150.778427,1
AAPL,2017-10-12,-0.31155,0.9574739999999906,150.875168,1
AAPL,2017-10-16,0.1101,0.5706169999999986,154.627701,1
AAPL,2017-10-17,-0.3477,-0.6866760000000056,155.198318,-1
AAPL,2017-10-18,0.28099999999999997,-3.6558379999999886,154.511642,-1
AAPL,2017-10-19,0.02978,0.26115500000000225,150.855804,1
AAPL,2017-10-23,0.0806625,0.8994299999999953,151.039581,1
AAPL,2017-10-24,0.08635,-0.6673279999999977,151.939011,-1
AAPL,2017-10-25,-0.1963857142857143,0.9671319999999923,151.271683,1
AAPL,2017-10-26,0.11676666666666667,5.45472700000002,152.238815,1
AAPL,2017-10-30,0.30687777777777775,2.243758999999983,161.242996,1
AAPL,2017-10-31,0.013799999999999996,-2.0793609999999774,163.486755,-1
AAPL,2017-11-01,0.02306249999999998,1.1799319999999796,161.407394,1
AAPL,2017-11-02,0.039000000000000014,4.245789000000002,162.587326,1
AAPL,2017-11-06,0.20476666666666668,0.5415950000000009,168.52562,1
AAPL,2017-11-07,-0.03462857142857144,1.3830409999999915,169.067215,1
AAPL,2017-11-08,0.06823749999999999,-0.34815900000000966,170.450256,-1
AAPL,2017-11-09,0.069675,-0.5630039999999781,170.102097,-1
AMZN,2015-03-12,0.23653333333333335,-3.6600029999999606,374.23999,-1
AMZN,2015-03-19,0.8625,5.25,373.23999,1
AMZN,2015-03-24,0.296,-3.130004999999983,374.089996,-1
AMZN,2015-04-08,0.23255,2.3399969999999826,381.200012,1
AMZN,2015-04-09,-0.1779,-0.8900150000000053,383.540009,-1
AMZN,2015-04-14,0.1027,-1.6599729999999795,385.109985,-1
AMZN,2015-04-23,0.57785,55.11001600000003,389.98999,1
AMZN,2015-04-28,0.7269,0.05999700000000985,429.309998,1
AMZN,2015-05-13,-0.5267,5.410003999999958,426.869995,1
AMZN,2015-05-20,0.3818,7.770019999999988,423.859985,1
AMZN,2015-05-26,-0.11626666666666667,5.950011999999958,425.470001,1
AMZN,2015-05-27,-0.5267,-4.850006000000008,431.420013,-1
AMZN,2015-05-28,0.4264666666666667,2.660004000000015,426.570007,1
AMZN,2015-06-04,0.4404,-3.82998699999996,430.779999,-1
AMZN,2015-06-11,0.035660000000000004,-3.0499880000000417,432.970001,-1
AMZN,2015-06-15,0.1027,3.5899970000000394,423.670013,1
AMZN,2015-06-16,0.012866666666666667,0.5499879999999848,427.26001,1
AMZN,2015-06-23,0.332,-5.149993999999992,445.98999,-1
AMZN,2015-06-24,0.11652,-0.7399899999999775,440.839996,-1
AMZN,2015-06-29,0.3906,4.23001099999999,429.859985,1
AMZN,2015-06-30,0.33940000000000003,3.3000190000000202,434.089996,1
AMZN,2015-07-06,-0.47669999999999996,0.679992000000027,436.040009,1
AMZN,2015-07-13,0.1186,10.0,455.570007,1
AMZN,2015-07-14,0.27115,-4.380004999999983,465.570007,-1
AMZN,2015-07-22,0.37482,-6.089995999999985,488.269989,-1
AMZN,2015-07-23,0.2581125,47.23998999999998,482.179993,1
AMZN,2015-07-26,0.8402,1.9899900000000343,,1
AMZN,2015-07-28,0.7003,2.969970999999987,526.030029,1
AMZN,2015-07-29,-0.3182,7.760009999999966,529.0,1
AMZN,2015-07-30,0.3197,-0.6099859999999353,536.76001,-1
AMZN,2015-09-02,0.7351,-5.82998699999996,510.549988,-1
AMZN,2015-09-07,0.4215,18.53997800000002,,1
AMZN,2015-09-17,-0.2049,1.3900149999999485,538.869995,1
AMZN,2015-09-21,0.16313333333333332,-9.989990999999918,548.390015,-1
AMZN,2015-09-23,0.4215,-2.3200070000000323,536.070007,-1
AMZN,2015-09-29,0.12248,15.82000800000003,496.070007,1
AMZN,2015-10-01,0.4767,11.820007000000032,520.719971,1
AMZN,2015-10-06,-0.7964,4.4600220000000945,537.47998,1
AMZN,2015-10-07,0.5628666666666667,-8.780029000000013,541.940002,-1
AMZN,2015-10-08,0.506125,6.6400149999999485,533.159973,1
AMZN,2015-10-20,0.8074,-5.109984999999938,560.880005,-1
AMZN,2015-10-22,0.7764333333333333,35.12005599999998,563.909973,1
AMZN,2015-10-27,-0.22630000000000003,6.089966000000004,611.01001,1
AMZN,2015-11-10,0.21075,13.570007000000032,659.679993,1
AMZN,2015-11-12,-0.11067142857142856,-23.25,665.599976,-1
AMZN,2015-11-16,0.1779,-4.510009999999966,647.809998,-1
AMZN,2015-12-01,-0.136,-3.049987999999985,679.059998,-1
AMZN,2015-12-03,-0.22666666666666668,6.3900149999999485,666.25,1
AMZN,2016-01-14,0.04074999999999998,-22.820007000000032,593.0,-1
AMZN,2016-01-28,0.11534285714285715,-48.34997599999997,635.349976,-1
AMZN,2016-02-03,0.09545,5.190002999999933,531.070007,1
AMZN,2016-02-04,0.289,-34.13000499999998,536.26001,-1
AMZN,2016-02-09,-0.10606666666666666,8.410004000000015,482.070007,1
AMZN,2016-02-10,-0.003999999999999985,13.339995999999985,490.480011,1
AMZN,2016-02-18,0.4498333333333333,9.90002400000003,525.0,1
AMZN,2016-02-22,0.5859,-6.5599979999999505,559.5,-1
AMZN,2016-02-29,0.19152857142857144,26.519957999999974,552.52002,1
AMZN,2016-03-03,-0.20385,-2.349975000000086,577.48999,-1
AMZN,2016-03-08,-0.0772,-0.7900389999999788,560.26001,-1
AMZN,2016-03-09,0.3083285714285714,-0.5399780000000192,559.469971,-1
AMZN,2016-03-15,0.03558,-2.75,577.02002,-1
AMZN,2016-03-17,0.17215,-7.3599850000000515,559.440002,-1
AMZN,2016-03-21,0.0593,6.5,553.97998,1
AMZN,2016-03-22,0.0129,9.150025000000028,560.47998,1
AMZN,2016-03-23,-0.25453333333333333,13.320007000000032,569.630005,1
AMZN,2016-03-29,-0.45879999999999993,4.830016999999998,593.859985,1
AMZN,2016-03-31,0.10115,4.8599850000000515,593.640015,1
AMZN,2016-04-04,0.3612,-7.049987000000101,593.190002,-1
AMZN,2016-04-05,0.273875,15.94000200000005,586.140015,1
AMZN,2016-04-06,0.10436666666666665,-10.65002400000003,602.080017,-1
AMZN,2016-04-21,-0.2263,-10.5,631.0,-1
AMZN,2016-04-27,-0.020700000000000007,-4.570007000000032,606.570007,-1
AMZN,2016-04-28,0.16830000000000003,57.590026999999964,602.0,1
AMZN,2016-05-02,0.2263,-12.529968999999937,683.849976,-1
AMZN,2016-05-04,0.6705,-11.809997000000067,670.900024,-1
AMZN,2016-05-05,0.25910000000000005,14.859985000000052,659.090027,1
AMZN,2016-05-10,0.20132000000000003,10.159972999999923,703.070007,1
AMZN,2016-05-12,0.08895,-8.010009999999966,717.929993,-1
AMZN,2016-05-15,-0.06365000000000001,0.7399900000000343,,1
AMZN,2016-05-16,0.21857500000000002,-15.389952999999991,710.659973,-1
AMZN,2016-05-17,0.08895,2.17999199999997,695.27002,1
AMZN,2016-05-19,0.0129,4.27996799999994,698.52002,1
AMZN,2016-05-25,0.0896875,6.559997000000067,708.349976,1
AMZN,2016-05-26,0.5020333333333333,-2.669983000000002,714.909973,-1
AMZN,2016-05-31,0.0593,-3.3499759999999696,722.789978,-1
AMZN,2016-06-01,0.6597,8.799987999999985,719.440002,1
AMZN,2016-06-02,0.2732,-2.700012000000015,728.23999,-1
AMZN,2016-06-07,0.20413333333333336,2.900024999999914,723.73999,1
AMZN,2016-06-09,-0.09033333333333332,-9.740050999999994,727.650024,-1
AMZN,2016-06-13,-0.6747,4.0599979999999505,715.23999,1
AMZN,2016-06-22,-0.25943333333333335,11.480041000000028,710.599976,1
AMZN,2016-06-23,0.4215,-23.119995000000017,722.080017,-1
AMZN,2016-06-29,-0.100475,0.020019000000047527,715.599976,1
AMZN,2016-07-06,0.3275,-1.0399780000000192,737.609985,-1
AMZN,2016-07-11,-0.064,-5.570007000000032,753.780029,-1
AMZN,2016-07-12,-0.3585333333333333,-5.580016999999998,748.210022,-1
AMZN,2016-07-19,0.5106,5.769958999999972,739.950012,1
AMZN,2016-07-21,0.24952000000000002,0.42999200000008386,744.429993,1
AMZN,2016-07-25,0.1779,-4.019958000000088,739.609985,-1
AMZN,2016-07-26,0.22237142857142858,1.0799560000000383,735.590027,1
AMZN,2016-07-28,0.24954999999999997,6.200012999999899,752.609985,1
AMZN,2016-08-03,0.3243,6.1300050000000965,754.640015,1
AMZN,2016-08-08,0.4767,1.75,766.559998,1
AMZN,2016-08-11,0.08895,1.3200079999999161,771.23999,1
AMZN,2016-08-18,0.4215,-7.15002400000003,764.460022,-1
AMZN,2016-08-25,0.148,9.780029000000013,759.219971,1
AMZN,2016-08-29,0.5106,-3.709961000000021,771.289978,-1
AMZN,2016-08-30,0.09106666666666667,1.5799560000000383,767.580017,1
AMZN,2016-08-31,0.16162500000000002,1.4600219999999808,769.159973,1
AMZN,2016-09-08,0.05135,-23.919983000000002,784.059998,-1
AMZN,2016-09-12,0.0172,-10.479980000000069,771.48999,-1
AMZN,2016-09-14,0.4568,8.599975000000086,761.090027,1
AMZN,2016-09-19,0.08344,5.119995000000017,775.099976,1
AMZN,2016-09-22,0.1779,1.0499879999999848,804.700012,1
AMZN,2016-10-04,0.03216,10.329956000000038,834.030029,1
AMZN,2016-10-05,0.23005,-2.700012000000015,844.359985,-1
AMZN,2016-10-06,-0.3404,-2.2299800000000687,841.659973,-1
AMZN,2016-10-13,0.49207999999999996,-6.320007000000032,829.280029,-1
AMZN,2016-10-25,0.6124,-12.589966000000004,835.179993,-1
AMZN,2016-11-02,0.1779,1.4700310000000627,765.559998,1
AMZN,2016-11-14,0.41915,24.169983000000002,719.070007,1
AMZN,2016-11-17,0.47409999999999997,3.759949000000006,756.400024,1
AMZN,2016-11-22,0.07605,-5.210021999999981,785.330017,-1
AMZN,2016-11-24,-0.0258,0.25,,1
AMZN,2016-12-06,-0.5423,5.700012000000015,764.719971,1
AMZN,2016-12-14,0.2023,-7.820007000000032,768.820007,-1
AMZN,2016-12-21,-0.5574,-4.259949000000006,770.599976,-1
AMZN,2016-12-27,0.442,0.7299809999999525,771.400024,1
AMZN,2016-12-29,-0.1909,-15.280029000000013,765.150024,-1
AMZN,2017-01-04,0.4019,23.270019000000048,757.179993,1
AMZN,2017-01-10,0.6597,3.1199960000000146,795.900024,1
AMZN,2017-01-12,0.27895714285714285,3.5,813.640015,1
AMZN,2017-01-18,-0.03340000000000001,1.5599980000000642,807.47998,1
AMZN,2017-01-23,0.296,4.559997000000067,817.880005,1
AMZN,2017-01-31,0.4846,8.869996000000015,823.47998,1
AMZN,2017-02-01,0.28099999999999997,7.6000360000000455,832.349976,1
AMZN,2017-02-02,0.19576000000000002,-29.75,839.950012,-1
AMZN,2017-02-07,0.15295,7.210021999999981,812.5,1
AMZN,2017-02-08,0.1779,1.6499630000000707,819.710022,1
AMZN,2017-02-09,0.21075,6.100036999999929,821.359985,1
AMZN,2017-02-14,0.5648333333333334,6.309997000000067,836.390015,1
AMZN,2017-02-20,0.28636666666666666,11.369995000000017,,1
AMZN,2017-02-21,0.17790000000000003,-0.830016999999998,856.440002,-1
AMZN,2017-02-28,-0.0071000000000000065,8.040038999999979,845.039978,1
AMZN,2017-03-01,-0.4404,-4.170043999999962,853.080017,-1
AMZN,2017-03-02,-0.3489,0.9700319999999465,848.909973,1
AMZN,2017-03-07,-0.166275,4.479979999999955,846.02002,1
AMZN,2017-03-08,0.1779,2.5,850.5,1
AMZN,2017-03-15,0.0593,0.4500120000000152,852.969971,1
AMZN,2017-03-16,0.3142666666666667,-1.1099850000000515,853.419983,-1
AMZN,2017-03-21,-0.05984999999999999,4.859985999999935,843.200012,1
AMZN,2017-03-22,0.18643333333333334,-0.6799929999999677,848.059998,-1
AMZN,2017-03-23,0.055816666666666674,-1.7700199999999313,847.380005,-1
AMZN,2017-03-27,-0.1998,9.179992999999968,846.820007,1
AMZN,2017-03-28,0.19038000000000002,18.320007000000032,856.0,1
AMZN,2017-03-29,0.13561428571428571,2.0200199999999313,874.320007,1
AMZN,2017-03-30,-0.2732,10.199951000000056,876.340027,1
AMZN,2017-04-05,0.37106666666666666,-11.0,909.280029,-1
AMZN,2017-04-06,0.26299999999999996,-3.4000240000000304,898.280029,-1
AMZN,2017-04-10,0.15293333333333334,-4.679992999999968,907.039978,-1
AMZN,2017-04-11,0.0512,-6.1300050000000965,902.359985,-1
AMZN,2017-04-12,0.0593,-11.559996999999953,896.22998,-1
AMZN,2017-04-18,-0.1027,-4.580016999999998,903.780029,-1
AMZN,2017-04-19,-0.24520000000000003,2.8599859999999353,899.200012,1
AMZN,2017-04-20,-0.05904999999999999,-3.5299689999999373,902.059998,-1
AMZN,2017-04-24,0.1779,0.21002199999998084,907.409973,1
AMZN,2017-04-26,0.4019,9.090026999999964,909.289978,1
AMZN,2017-04-27,0.315925,6.6099850000000515,918.380005,1
AMZN,2017-05-02,-0.1591,-5.909973000000036,946.940002,-1
AMZN,2017-05-04,0.31223333333333336,-3.380004999999983,937.530029,-1
AMZN,2017-05-08,-0.296,3.780029000000013,949.039978,1
AMZN,2017-05-09,0.477675,-3.869995000000017,952.820007,-1
AMZN,2017-05-10,-0.4774714285714286,-1.330016999999998,948.950012,-1
AMZN,2017-05-15,0.7161500000000001,8.100036000000046,957.969971,1
AMZN,2017-05-17,-0.05729999999999998,13.729980000000069,944.76001,1
AMZN,2017-05-22,-0.296,0.8699950000000172,970.669983,1
AMZN,2017-05-23,0.20610000000000003,8.80999799999995,971.539978,1
AMZN,2017-05-24,-0.148,13.030029000000013,980.349976,1
AMZN,2017-05-30,-0.3058666666666667,-2.080016999999998,996.700012,-1
AMZN,2017-06-01,0.11987999999999999,10.77996799999994,995.950012,1
AMZN,2017-06-04,0.5719,4.610047000000009,,1
AMZN,2017-06-05,0.05035,-8.340026999999964,1011.340027,-1
AMZN,2017-06-06,0.19144999999999998,7.070007000000032,1003.0,1
AMZN,2017-06-07,0.05088,0.20001300000001265,1010.070007,1
AMZN,2017-06-08,0.2083,-31.960022000000095,1010.27002,-1
AMZN,2017-06-13,0.5994,-4.320007000000032,980.789978,-1
AMZN,2017-06-15,0.43945,23.54003899999998,964.169983,1
AMZN,2017-06-19,0.0074400000000000134,-2.5799560000000383,995.169983,-1
AMZN,2017-06-20,0.11839999999999999,9.639952999999991,992.590027,1
AMZN,2017-06-21,0.0006099999999999994,-0.9299919999999702,1002.22998,-1
AMZN,2017-06-22,0.056720000000000007,2.4400020000000495,1001.299988,1
AMZN,2017-06-27,-0.27519999999999994,13.549987999999985,976.780029,1
AMZN,2017-06-29,0.0559,-7.929992999999968,975.929993,-1
AMZN,2017-07-05,0.27615999999999996,-6.260009000000082,971.400024,-1
AMZN,2017-07-06,0.01935,13.619995000000017,965.140015,1
AMZN,2017-07-10,0.7831666666666667,-2.339966000000004,996.469971,-1
AMZN,2017-07-11,-0.0129,12.380004999999983,994.130005,1
AMZN,2017-07-12,0.02965,-5.880004999999983,1006.51001,-1
AMZN,2017-07-17,-0.19678,14.409973000000036,1010.039978,1
AMZN,2017-07-18,-0.0812,2.4200439999999617,1024.449951,1
AMZN,2017-07-19,0.4428,1.8299560000000383,1026.869995,1
AMZN,2017-07-20,0.09939999999999999,-3.029907000000094,1028.699951,-1
AMZN,2017-07-24,0.1591,0.9200439999999617,1038.949951,1
AMZN,2017-07-25,0.19673333333333334,12.930053999999927,1039.869995,1
AMZN,2017-07-27,0.21506666666666666,-25.96002199999998,1046.0,-1
AMZN,2017-07-31,0.16463333333333333,8.409973000000036,987.780029,1
AMZN,2017-08-02,-0.3605,-8.970031999999946,995.890015,-1
AMZN,2017-08-03,-0.025085714285714284,0.660033999999996,986.919983,1
AMZN,2017-08-06,0.4404,4.690003000000047,,1
AMZN,2017-08-07,0.148,-2.4299930000000813,992.27002,-1
AMZN,2017-08-09,-0.3696428571428572,-25.090026999999964,982.01001,-1
AMZN,2017-08-10,0.45726666666666665,11.070007000000032,956.919983,1
AMZN,2017-08-14,0.30405714285714286,-0.5599979999999505,983.299988,-1
AMZN,2017-08-15,-0.03421,-4.559997000000067,982.73999,-1
AMZN,2017-08-16,-0.3280142857142857,-17.609985999999935,978.179993,-1
AMZN,2017-08-23,0.12916,-5.549987999999985,958.0,-1
AMZN,2017-08-24,-0.05934999999999998,-7.1900020000000495,952.450012,-1
AMZN,2017-08-28,0.39109999999999995,8.039977999999905,946.02002,1
AMZN,2017-08-30,0.11939999999999999,13.009949000000006,967.590027,1
AMZN,2017-08-31,0.012657142857142843,-2.3499759999999696,980.599976,-1
AMZN,2017-09-05,0.012475,2.52996799999994,965.27002,1
AMZN,2017-09-06,0.058124999999999996,11.669983000000002,967.799988,1
AMZN,2017-09-07,0.03476,-13.569946999999956,979.469971,-1
AMZN,2017-09-12,0.6369,17.01995899999997,982.580017,1
AMZN,2017-09-14,0.12765,-5.420043999999962,992.210022,-1
AMZN,2017-09-18,0.18213333333333334,-4.330016999999998,974.190002,-1
AMZN,2017-09-19,0.2752,3.3500369999999293,969.859985,1
AMZN,2017-09-20,0.22188888888888889,-8.55999799999995,973.210022,-1
AMZN,2017-09-24,-0.0258,-15.30999799999995,,-1
AMZN,2017-09-25,0.27757499999999996,-1.1900020000000495,939.789978,-1
AMZN,2017-09-26,0.1779,12.270019000000048,938.599976,1
AMZN,2017-09-27,0.02666,5.530029000000013,950.869995,1
AMZN,2017-10-03,-0.09202222222222221,8.350036000000046,957.099976,1
AMZN,2017-10-04,-0.0335,15.399963999999954,965.450012,1
AMZN,2017-10-05,0.49122000000000005,8.730041000000028,980.849976,1
AMZN,2017-10-10,-0.0796125,7.799987999999985,987.200012,1
AMZN,2017-10-11,0.08895,5.929992999999968,995.0,1
AMZN,2017-10-12,0.57358,2.010009000000082,1000.929993,1
AMZN,2017-10-17,0.2140857142857143,-12.130004999999983,1009.130005,-1
AMZN,2017-10-18,-0.3422,-10.390014999999948,997.0,-1
AMZN,2017-10-22,0.24695,-16.60998500000005,,-1
AMZN,2017-10-23,0.3243,9.600036000000046,966.299988,1
AMZN,2017-10-24,-0.014450000000000005,-2.990050999999994,975.900024,-1
AMZN,2017-10-25,0.18695999999999996,-0.4799800000000687,972.909973,-1
AMZN,2017-10-26,0.4055666666666667,128.5199580000001,972.429993,1
AMZN,2017-10-30,0.45415000000000005,-5.5699469999999565,1110.849976,-1
AMZN,2017-10-31,0.1779,-1.5999750000000859,1105.280029,-1
AMZN,2017-11-05,-0.128,9.060058000000026,,1
AMZN,2017-11-06,-0.032,2.5100099999999657,1120.660034,1
AMZN,2017-11-07,0.023619999999999995,9.709961000000021,1123.170044,1
AMZN,2017-11-08,0.09106666666666667,-3.75,1132.880005,-1
CSCO,2015-05-04,-0.0129,-0.2427400000000013,25.288219,-1
CSCO,2015-05-05,0.2405,0.06935499999999806,25.045479,1
CSCO,2015-05-13,-0.2073,-0.26007999999999853,25.444263,-1
CSCO,2015-05-14,-0.24695,0.43346799999999774,25.184183,1
CSCO,2015-05-26,-0.17635,0.3120919999999998,25.097494,1
CSCO,2015-05-27,0.6124,0.034676999999998515,25.409586,1
CSCO,2015-05-28,0.6249,-0.034676999999998515,25.444263,-1
CSCO,2015-06-08,0.8481,-0.03467900000000057,24.516655,-1
CSCO,2015-06-17,0.5106,0.24273700000000176,25.080156,1
CSCO,2015-06-18,0.28595,-0.1560440000000014,25.322893,-1
CSCO,2015-06-24,0.4767,-0.09536500000000103,24.716051,-1
CSCO,2015-06-30,0.35505714285714285,0.08736000000000033,23.805775,1
CSCO,2015-07-13,0.5423,0.209658000000001,24.277527,1
CSCO,2015-07-16,0.4939,-0.12230100000000022,24.740532,-1
CSCO,2015-07-21,0.1779,-0.2708200000000005,24.321203,-1
CSCO,2015-07-23,0.4479666666666667,0.3407059999999973,24.469719,1
CSCO,2015-08-12,0.29984999999999995,0.6988929999999982,24.373619,1
CSCO,2015-08-31,0.38466666666666666,-0.6639380000000017,22.608934,-1
CSCO,2015-09-15,-0.17263333333333333,0.07862799999999837,22.696293,1
CSCO,2015-09-16,-0.17,-0.16598699999999766,22.774921,-1
CSCO,2015-09-24,-0.19733333333333333,0.5416360000000005,22.198339,1
CSCO,2015-10-08,0.5994,0.0,24.578987,0
CSCO,2015-10-27,0.9331,0.2730099999999993,25.582928,1
CSCO,2015-11-09,0.27540000000000003,-0.17613099999999804,24.816767,-1
CSCO,2015-11-11,0.31043333333333334,0.008810000000000429,24.499727,1
CSCO,2015-11-12,0.66155,-1.4266560000000013,24.508537,-1
CSCO,2015-11-16,0.2294,0.01761199999999974,23.592659,1
CSCO,2015-12-07,0.3182,-0.2994210000000024,24.209116,-1
CSCO,2015-12-21,-0.34040000000000004,0.22016100000000094,23.460562,1
CSCO,2015-12-22,-0.5106,0.4491349999999983,23.680723,1
CSCO,2015-12-28,-0.37399999999999994,0.40510599999999997,24.050594,1
CSCO,2015-12-29,-0.4019,-0.21136100000000013,24.4557,-1
CSCO,2016-02-03,0.6705,0.39050399999999996,20.501574,1
CSCO,2016-02-04,0.6705,-0.5768850000000008,20.892078,-1
CSCO,2016-02-10,0.6597000000000001,1.9259020000000007,19.977943,1
CSCO,2016-02-11,0.5267,0.38163000000000125,21.903845,1
CSCO,2016-02-16,-0.25,0.5502590000000005,22.933359,1
CSCO,2016-03-02,0.06365,-0.026624999999999233,23.874125,-1
CSCO,2016-04-12,0.4939,0.528418000000002,24.755228,1
CSCO,2016-04-19,0.10606666666666666,0.09851999999999705,25.373211,1
CSCO,2016-05-12,-0.4404,-0.12538299999999936,23.886461,-1
CSCO,2016-05-18,0.051799999999999985,0.7612820000000013,23.931248,1
CSCO,2016-06-06,0.296,-0.026870999999999867,26.062847,-1
CSCO,2016-06-23,0.36866,-1.3165769999999988,26.170322,-1
CSCO,2016-06-28,0.6854,0.42094399999999865,24.889572,1
CSCO,2016-07-18,0.5994,0.009037000000002848,27.032351,1
CSCO,2016-08-17,-0.09094,-0.21691200000000066,27.76442,-1
CSCO,2016-08-23,-0.5083500000000001,0.07229999999999848,27.999407,1
CSCO,2016-08-25,0.4333,0.05422800000000194,28.279579,1
CSCO,2016-08-30,-0.401,-0.09037599999999912,28.505526,-1
CSCO,2016-09-08,-0.4939,-0.5603509999999972,28.442261,-1
CSCO,2016-09-12,0.5135,-0.3434430000000006,28.41515,-1
CSCO,2016-09-14,-0.3818,0.2801759999999973,28.017479,1
CSCO,2016-09-28,0.22630000000000003,-0.09941699999999898,28.469376,-1
CSCO,2016-11-15,0.1779,-0.11846699999999899,28.886913,-1
CSCO,2016-11-16,-0.028599999999999997,-1.3851130000000005,28.768446,-1
CSCO,2016-11-21,-0.5693,-0.14580099999999874,27.383333,-1
CSCO,2016-11-22,-0.765,-0.16402900000000287,27.237532,-1
CSCO,2016-12-14,-0.6705,0.15491499999999903,27.756945,1
CSCO,2017-01-09,-0.20413333333333336,0.18381700000000123,27.737944,1
CSCO,2017-01-25,0.24461666666666662,0.03676199999999952,28.215868,1
CSCO,2017-02-15,0.2255,0.7168899999999994,30.164324,1
CSCO,2017-03-30,0.34,0.05515499999999918,31.009874,1
CSCO,2017-04-04,0.3182,-0.3801140000000025,30.974081,-1
CSCO,2017-04-05,0.3612,0.07417500000000032,30.593967,1
CSCO,2017-05-11,0.296,-0.16687600000000202,31.178038,-1
CSCO,2017-05-17,-0.09476666666666668,-2.2620959999999997,31.354179,-1
CSCO,2017-05-18,-0.05435000000000004,-0.15760199999999713,29.092083,-1
CSCO,2017-05-31,-0.0772,0.26885599999999954,29.231148,1
CSCO,2017-06-06,0.296,0.0463559999999994,29.258963,1
CSCO,2017-06-20,0.34,-0.009273999999997784,29.527821,-1
CSCO,2017-06-26,0.4019,-0.4450029999999998,29.889383,-1
CSCO,2017-07-06,0.7096,0.16843800000000186,28.74629,1
CSCO,2017-07-20,-0.8316,-0.01871500000000026,29.813049,-1
CSCO,2017-08-09,0.34,-0.5801680000000005,29.588469,-1
CSCO,2017-08-16,0.0516,-1.2164760000000001,30.262207,-1
CSCO,2017-08-17,0.0516,-0.6269540000000013,29.045731,-1
CSCO,2017-09-13,0.296,0.009357000000001392,30.112488,1
CSCO,2017-09-18,0.119175,-0.028070000000003148,30.430641,-1
CSCO,2017-10-05,0.65065,0.1510089999999984,31.70351,1
CSCO,2017-10-23,0.21502857142857143,0.21709100000000348,32.420818,1
CSCO,2017-10-24,0.5994,-0.26427799999999735,32.637909,-1
CSCO,2017-10-25,0.1591,-0.02831300000000425,32.373631,-1
MSFT,2015-02-26,-0.4588,-0.18988000000000227,39.836742,-1
MSFT,2015-03-17,0.3062,0.7233130000000045,37.702957,1
MSFT,2015-03-18,-0.056466666666666665,-0.18987700000000274,38.42627,-1
MSFT,2015-03-19,-0.5574,0.5334470000000024,38.236393,1
MSFT,2015-03-23,0.4939,0.03616699999999895,38.751766,1
MSFT,2015-04-07,-0.45930000000000004,-0.09945700000000102,37.54924,-1
MSFT,2015-04-08,-0.23864999999999997,0.05425700000000688,37.449783,1
MSFT,2015-04-16,0.03712500000000002,-0.4882429999999971,38.118862,-1
MSFT,2015-04-21,0.4939,0.31644899999999865,38.552856,1
MSFT,2015-04-23,0.26424000000000003,4.095787000000001,39.185753,1
MSFT,2015-04-27,-0.6486,1.0216899999999995,43.426205,1
MSFT,2015-04-29,0.30944,-0.37974200000000025,44.357479,-1
MSFT,2015-04-30,0.21619999999999998,0.018078000000002703,43.977737,1
MSFT,2015-05-05,-0.06430000000000001,-1.1934770000000015,43.037422,-1
MSFT,2015-05-06,-0.6369,0.3797490000000039,41.843945,1
MSFT,2015-05-12,0.3182,0.2531549999999996,42.81139,1
MSFT,2015-05-20,0.2363,-0.1456140000000019,43.298923,-1
MSFT,2015-06-01,0.34040000000000004,-0.2821049999999943,42.980408,-1
MSFT,2015-06-03,0.5719,-0.445916000000004,42.634602,-1
MSFT,2015-06-04,0.4404,-0.2002029999999948,42.188686,-1
MSFT,2015-06-16,0.0683,0.12739900000000404,41.706379,1
MSFT,2015-06-17,0.11405,0.6825179999999946,41.833778,1
MSFT,2015-06-29,0.2866,-0.20021099999999592,40.377747,-1
MSFT,2015-06-30,0.09878,0.27300299999999567,40.177536,1
MSFT,2015-07-08,-0.005177777777777787,0.2548139999999961,40.259438,1
MSFT,2015-07-16,-0.1027,-0.03640399999999744,42.461697,-1
MSFT,2015-07-20,0.17,0.32761399999999696,42.698303,1
MSFT,2015-07-21,-0.10336000000000001,-1.5834460000000021,43.025917,-1
MSFT,2015-07-29,0.4250333333333334,0.5369260000000011,42.124981,1
MSFT,2015-07-30,-0.2732,-0.1638110000000026,42.661907,-1
MSFT,2015-08-20,-0.743,-2.372505000000004,41.825676,-1
MSFT,2015-09-16,-0.23864999999999997,-0.04580699999999638,40.579884,-1
MSFT,2015-09-17,-0.3182,-0.7053340000000006,40.534077,-1
MSFT,2015-09-29,-0.13012,0.7511440000000036,39.792103,1
MSFT,2015-10-06,0.18213333333333334,0.04579999999999984,42.824142,1
MSFT,2015-10-22,0.18295,4.433563000000007,43.996655,1
MSFT,2015-10-29,0.128,-0.6595270000000042,48.879063,-1
MSFT,2015-11-10,0.5859,0.1282459999999972,49.016468,1
MSFT,2015-11-11,0.2083,-0.30229500000000087,49.144714,-1
MSFT,2015-12-09,0.3182,0.26743300000000403,50.702496,1
MSFT,2015-12-10,0.25453333333333333,-1.1158530000000013,50.969929,-1
MSFT,2015-12-20,0.296,0.6455460000000031,,1
MSFT,2015-12-21,0.3548,0.4795259999999999,50.564171,1
MSFT,2016-01-28,0.25,2.7942660000000004,48.00967,1
MSFT,2016-02-01,0.27115,-1.5769649999999942,50.453495,-1
MSFT,2016-02-02,0.0516,-0.774632000000004,48.87653,-1
MSFT,2016-03-10,-0.6597,0.9473910000000032,48.345093,1
MSFT,2016-03-31,0.100475,0.31579599999999886,51.29874,1
MSFT,2016-04-20,0.38530000000000003,0.17648000000000508,51.633106,1
MSFT,2016-04-21,0.0921,-3.7152870000000036,51.809586,-1
MSFT,2016-04-25,0.27115,-0.6223150000000004,48.400822,-1
MSFT,2016-04-27,0.16463333333333333,-0.9659699999999987,47.314095,-1
MSFT,2016-05-10,0.19595,0.0278549999999953,47.388409,1
MSFT,2016-05-11,0.0772,0.42726100000000145,47.416264,1
MSFT,2016-05-16,0.296,-0.8979069999999965,48.140747,-1
MSFT,2016-05-17,0.5267,0.2805979999999977,47.24284,1
MSFT,2016-05-18,0.1186,-0.4583060000000003,47.523438,-1
MSFT,2016-05-23,0.2732,1.4590910000000008,46.793896,1
MSFT,2016-05-25,-0.16315,-0.21512200000000092,48.748703,-1
MSFT,2016-05-26,-0.3441,0.40219100000000196,48.533581,1
MSFT,2016-06-13,0.22963,-0.28995099999999496,46.896778,-1
MSFT,2016-06-14,0.19854999999999998,-0.1309439999999995,46.606827,-1
MSFT,2016-06-15,0.042,0.654716999999998,46.475883,1
MSFT,2016-06-16,0.01823999999999999,-0.24317200000000128,47.1306,-1
MSFT,2016-07-05,0.4767,0.1964230000000029,47.860149,1
MSFT,2016-07-07,0.5563,0.8604889999999941,48.056572,1
MSFT,2016-07-11,-0.0010249999999999981,0.5798950000000005,49.188305,1
MSFT,2016-07-14,0.35372499999999996,-0.03741099999999875,50.263916,-1
MSFT,2016-07-19,0.4892666666666667,2.6375850000000014,49.655964,1
MSFT,2016-07-20,0.04115555555555556,-0.1028829999999985,52.293549,-1
MSFT,2016-07-25,-0.743,0.028064999999998008,53.060505,1
MSFT,2016-07-28,-0.34040000000000004,0.4395939999999996,52.57415,1
MSFT,2016-08-01,0.295,0.0,52.920212,0
MSFT,2016-08-02,-0.3818,0.3647759999999991,52.920212,1
MSFT,2016-08-08,0.3182,0.13094300000000203,54.304482,1
MSFT,2016-08-09,0.5267,-0.16835400000000078,54.435425,-1
MSFT,2016-08-11,0.3753,-0.33670800000000156,54.528957,-1
MSFT,2016-08-15,0.296,-0.30117800000000017,54.360603,-1
MSFT,2016-08-22,0.6167666666666667,0.20706200000000052,54.27589,1
MSFT,2016-08-23,0.4939,0.05646100000000587,54.482952,1
MSFT,2016-08-30,0.2732,-0.4046899999999951,54.482952,-1
MSFT,2016-09-07,0.3182,-0.21646099999999535,54.266487,-1
MSFT,2016-09-20,0.37810000000000005,0.8940849999999969,53.466515,1
MSFT,2016-09-27,0.28099999999999997,0.07529899999999401,54.539413,1
MSFT,2016-09-29,0.17854285714285714,0.18822799999999518,54.02179,1
MSFT,2016-10-04,0.3404,0.37645299999999793,53.871212,1
MSFT,2016-10-05,0.8926,0.09411700000000423,54.247665,1
MSFT,2016-10-12,0.4215,-0.1788180000000068,53.748856,-1
MSFT,2016-10-20,0.25199999999999995,2.2681579999999997,53.880623,1
MSFT,2016-10-23,0.6597,1.261130999999999,,1
MSFT,2016-10-24,0.2121333333333333,-0.00940299999999894,57.409912,-1
MSFT,2016-10-26,0.32653333333333334,-0.49880199999999775,57.061687,-1
MSFT,2016-11-02,0.08533333333333333,-0.2070579999999964,55.93232,-1
MSFT,2016-11-03,0.5267,-0.47057399999999916,55.725262,-1
MSFT,2016-11-10,0.4215,0.30117800000000017,55.245274,1
MSFT,2016-11-14,0.4388666666666667,1.0801510000000007,54.699413,1
MSFT,2016-11-15,0.5628,0.7390669999999986,55.779564,1
MSFT,2016-11-21,0.7842666666666666,0.24635299999999916,57.665096,1
MSFT,2016-12-06,0.8481,1.3454590000000053,56.802868,1
MSFT,2016-12-13,0.33525,-0.2842559999999992,59.673817,-1
MSFT,2016-12-20,0.7096,0.0,60.204411,0
MSFT,2017-01-17,0.3771,-0.028419999999997003,59.247429,-1
MSFT,2017-01-24,-0.1101,0.15159599999999784,60.185467,1
MSFT,2017-01-26,0.20025714285714288,1.430735999999996,60.896084,1
MSFT,2017-01-30,-0.28384,-0.4547990000000013,61.710941,-1
MSFT,2017-01-31,-0.12726666666666667,-1.0138319999999936,61.256142,-1
MSFT,2017-02-02,-0.06605,0.4832310000000035,59.853832,1
MSFT,2017-02-06,0.4939,-0.19898200000000088,60.29916,-1
MSFT,2017-02-08,0.3612,0.6821979999999996,60.014915,1
MSFT,2017-02-14,0.5267,-0.038143000000005145,61.55125,-1
MSFT,2017-02-20,0.07955,-0.12393199999999638,,-1
MSFT,2017-02-21,0.296,-0.12392400000000237,61.474983,-1
MSFT,2017-02-22,0.1779,0.24785599999999874,61.351059,1
MSFT,2017-03-06,0.6808,0.12392400000000237,61.26527,1
MSFT,2017-03-07,0.4794666666666667,0.5624169999999964,61.389194,1
MSFT,2017-03-08,0.13935,-0.2478490000000022,61.951611,-1
MSFT,2017-03-21,0.3773142857142857,0.7816690000000008,61.208073,1
MSFT,2017-03-22,0.24265,-0.15251500000000107,61.989742,-1
MSFT,2017-03-27,-0.6249,0.1811179999999979,62.056461,1
MSFT,2017-04-10,0.4939,-0.04765699999999384,62.466362,-1
MSFT,2017-04-17,0.1027,-0.08579300000000245,62.418705,-1
MSFT,2017-04-18,0.5859,-0.3336410000000001,62.332912,-1
MSFT,2017-04-24,0.26353333333333334,0.3717879999999951,64.372856,1
MSFT,2017-04-25,-0.5106,-0.0858080000000001,64.744644,-1
MSFT,2017-04-26,-0.296,0.41941900000000487,64.658836,1
MSFT,2017-04-27,0.25034999999999996,0.18110599999999977,65.078255,1
MSFT,2017-05-02,0.3062,-0.20970099999999547,66.060104,-1
MSFT,2017-05-03,0.4019,-0.2573849999999993,65.850403,-1
MSFT,2017-05-11,0.4939,-0.07623999999999853,65.259361,-1
MSFT,2017-05-15,0.27427999999999997,1.3134529999999955,65.230782,1
MSFT,2017-05-16,0.64376,-1.850318999999999,66.544235,-1
MSFT,2017-05-23,-0.25723333333333337,0.08627299999999138,65.844368,1
MSFT,2017-06-01,0.3818,1.5914689999999894,67.205734,1
MSFT,2017-06-06,-0.0772,-0.12461800000001233,69.52581,-1
MSFT,2017-06-08,-0.10115,-1.5627060000000057,68.979347,-1
MSFT,2017-06-12,0.5115285714285714,0.8340610000000055,66.898956,1
MSFT,2017-06-14,0.148,-0.3547140000000013,67.368706,-1
MSFT,2017-07-06,0.089225,0.8532560000000018,65.738907,1
MSFT,2017-07-10,0.31382857142857146,0.009582999999992126,67.090698,1
MSFT,2017-07-11,0.3818,1.1120980000000031,67.100281,1
MSFT,2017-07-17,0.296,-0.04792799999999886,70.321541,-1
MSFT,2017-07-20,0.377475,-0.4122469999999936,71.155632,-1
MSFT,2017-07-25,0.4278,-0.1342170000000067,71.126862,-1
MSFT,2017-08-10,0.11376249999999999,1.0449980000000068,68.461647,1
MSFT,2017-08-14,0.60375,0.01927899999999738,70.551636,1
MSFT,2017-08-30,0.37649999999999995,0.7324990000000042,71.332336,1
MSFT,2017-09-05,0.22666666666666668,-0.2024069999999938,70.946815,-1
MSFT,2017-09-07,0.3182,-0.34698499999998944,71.650398,-1
MSFT,2017-09-12,0.07655,0.5108340000000027,71.978088,1
MSFT,2017-09-19,0.0172,-0.48190300000000263,72.710594,-1
MSFT,2017-09-20,0.29295,-0.7035979999999995,72.228691,-1
MSFT,2017-09-25,-0.5267,0.0,70.609474,0
MSFT,2017-09-26,0.5719,0.568641999999997,70.609474,1
MSFT,2017-09-27,0.09521428571428572,0.01927899999999738,71.178116,1
MSFT,2017-09-28,-0.031799999999999995,0.597572999999997,71.197395,1
MSFT,2017-10-11,0.384075,0.67468199999999,73.655144,1
MSFT,2017-10-12,-0.11315,0.3565980000000053,74.329826,1
MSFT,2017-10-16,0.18449999999999997,-0.05783100000000729,74.840637,-1
MSFT,2017-10-17,0.2006,0.01928800000000308,74.782806,1
MSFT,2017-10-19,0.27985,0.8674310000000105,75.091248,1
MSFT,2017-10-23,0.34,0.02890700000000379,75.977959,1
MSFT,2017-10-26,0.3023166666666667,4.867285999999993,75.910477,1
MSFT,2017-10-31,-0.05179999999999999,0.0,80.170578,0
MSFT,2017-11-07,0.4113,0.27951799999999594,81.221123,1
MSFT,2017-11-09,0.03423333333333333,-0.21203600000001188,81.047638,-1
NVDA,2015-10-27,-0.4939,0.22456400000000087,27.767509,1
NVDA,2016-02-17,0.4215,2.3325480000000027,27.108503,1
NVDA,2016-03-23,0.6597,0.04917499999999819,33.866459,1
NVDA,2016-05-02,-0.7184,-0.4229580000000013,35.410759,-1
NVDA,2016-05-12,0.2263,5.321449000000001,34.987801,1
NVDA,2016-08-11,0.40385,3.2938609999999997,58.875336,1
NVDA,2016-09-13,0.7548,0.5236390000000029,59.151787,1
NVDA,2016-10-13,0.7003,0.6323170000000005,64.56604,1
NVDA,2016-10-18,0.4939,-0.13834400000000358,65.810951,-1
NVDA,2016-11-10,0.21075,19.957672000000002,66.957024,1
NVDA,2017-02-09,0.48756000000000005,-2.730973000000006,115.156029,-1
NVDA,2017-03-15,0.4767,1.2483220000000017,101.599548,1
NVDA,2017-05-09,0.33155999999999997,18.179932000000008,101.985931,1
NVDA,2017-05-10,0.3178,5.161704999999998,120.165863,1
NVDA,2017-05-23,0.1531,1.5273290000000088,135.902954,1
NVDA,2017-06-05,0.4939,-0.6644740000000127,146.792648,-1
NVDA,2017-06-27,0.40054,5.127472000000012,145.37442,1
NVDA,2017-07-05,0.23835,0.4264519999999834,141.873444,1
NVDA,2017-08-08,-0.3818,1.7951039999999807,168.899323,1
NVDA,2017-08-10,0.14049999999999999,-8.707795000000004,163.385056,-1
NVDA,2017-08-15,-0.4767,-1.814926000000014,165.606613,-1
NVDA,2017-09-07,0.743,-2.8687590000000114,165.355377,-1
NVDA,2017-09-26,0.28099999999999997,3.7422789999999964,170.695831,1
NVDA,2017-10-03,-0.2732,1.4889679999999998,178.051346,1
NVDA,2017-10-26,0.4767,6.124648999999977,194.251358,1
NVDA,2017-11-06,0.014160000000000006,2.3823089999999922,208.088898,1
NVDA,2017-11-09,0.2796,10.740448000000015,203.810577,1
QCOM,2015-03-09,0.296,-0.6891330000000053,61.105164,-1
QCOM,2015-04-13,0.058050000000000004,0.20170199999999738,57.760399,1
QCOM,2015-04-22,-0.17623333333333335,-0.5042299999999997,57.936874,-1
QCOM,2015-05-04,0.6124,-0.5798830000000024,58.037731,-1
QCOM,2015-05-06,0.4215,0.5210380000000043,56.987232,1
QCOM,2015-05-28,0.4767,-0.7731630000000038,59.331921,-1
QCOM,2015-06-08,-0.128,-0.3723420000000033,56.93401,-1
QCOM,2015-06-30,-0.0803,0.22848199999999963,52.999065,1
QCOM,2015-07-16,-0.40406666666666663,-0.17771499999999918,54.623829,-1
QCOM,2015-07-22,-0.18218,-2.039405000000002,54.319183,-1
QCOM,2015-07-23,0.6369,-0.11847399999999908,52.279778,-1
QCOM,2015-08-26,-0.24240000000000003,0.5923620000000014,47.947105,1
QCOM,2015-09-03,0.1779,-1.0752260000000007,47.403858,-1
QCOM,2015-11-04,0.2701,-7.8423349999999985,51.423161,-1
QCOM,2015-11-05,0.3612,2.005378999999998,43.580826,1
QCOM,2015-12-08,-0.5719,-0.7669950000000014,42.640858,-1
QCOM,2016-01-14,0.23835,-1.6460079999999948,41.13274,-1
QCOM,2016-01-27,0.06459999999999999,-3.395412999999998,40.960381,-1
QCOM,2016-03-01,-0.17572000000000002,0.643695000000001,45.328835,1
QCOM,2016-03-14,0.2732,-0.40015100000000103,45.31144,-1
QCOM,2016-04-18,0.4939,0.24355299999999858,44.841717,1
QCOM,2016-04-20,0.12956,-0.36535299999999893,45.31144,-1
QCOM,2016-06-30,-0.5270333333333334,-0.5005799999999994,47.046177,-1
QCOM,2016-07-12,0.296,0.18442200000000497,47.968315,1
QCOM,2016-07-20,0.6251666666666666,3.609486000000004,49.022163,1
QCOM,2016-07-27,-0.1806,-0.07025500000000306,54.897457,-1
QCOM,2016-07-28,0.4939,0.131732999999997,54.827202,1
QCOM,2016-08-15,0.296,-0.3161619999999985,54.827202,-1
QCOM,2016-08-31,0.4939,0.3542709999999971,55.859413,1
QCOM,2016-09-29,0.39940000000000003,0.9299619999999962,59.738655,1
QCOM,2016-10-17,0.4939,0.8059500000000028,57.737038,1
QCOM,2016-10-27,0.4191000000000001,-1.4967840000000052,62.076832,-1
QCOM,2016-11-02,0.44955,-0.12399300000000579,59.419811,-1
QCOM,2016-11-09,0.7003,-1.390509999999999,60.119495,-1
QCOM,2016-11-14,0.4215,0.7439689999999999,58.392426,1
QCOM,2016-12-28,0.2263,0.2588579999999965,58.688484,1
QCOM,2017-01-09,-0.2732,-0.017867999999999995,58.599239,-1
QCOM,2017-01-12,0.296,0.6783830000000037,59.018761,1
QCOM,2017-01-17,-0.4364333333333334,0.8390320000000031,57.296043,1
QCOM,2017-01-25,-0.23625555555555555,-2.543913999999994,50.788982,-1
QCOM,2017-01-26,-0.18108571428571432,0.169592999999999,48.245068,1
QCOM,2017-02-06,0.38585,0.3481179999999995,47.200722,1
QCOM,2017-03-07,0.5423,0.9369890000000041,51.110645,1
QCOM,2017-04-04,0.6242000000000001,-0.18919400000000053,51.065598,-1
QCOM,2017-04-05,0.4767,0.0540499999999966,50.876404,1
QCOM,2017-04-11,-0.3182,-1.7658580000000015,49.867344,-1
QCOM,2017-04-12,0.28613999999999995,-0.5405650000000009,48.101486,-1
QCOM,2017-04-19,0.10316666666666667,0.04504800000000131,47.398754,1
QCOM,2017-04-24,0.4939,0.17117299999999602,47.578949,1
QCOM,2017-05-02,0.38315000000000005,1.0811419999999998,48.011391,1
QCOM,2017-05-03,-0.5574,0.3783909999999935,49.092533,1
QCOM,2017-05-09,0.25,0.16216700000000372,49.68716,1
QCOM,2017-05-17,-0.15611999999999998,0.6847229999999982,49.876343,1
QCOM,2017-05-18,-0.1645333333333333,1.3964759999999998,50.561066,1
QCOM,2017-05-30,-0.2732,-0.06369000000000113,52.168968,-1
QCOM,2017-05-31,0.7717,1.2282599999999988,52.105278,1
QCOM,2017-06-12,0.28750000000000003,0.045493999999997925,52.305447,1
QCOM,2017-06-15,0.3182,-0.10008999999999446,51.795956,-1
QCOM,2017-06-20,-0.2306,-0.41852599999999995,51.668579,-1
QCOM,2017-06-21,-0.4939,0.12737699999999563,51.250053,1
QCOM,2017-06-27,-0.49477499999999996,0.6641620000000046,50.431225,1
QCOM,2017-06-28,0.7717,-0.982602,51.095387,-1
QCOM,2017-06-29,-0.5106,0.12737299999999863,50.112785,1
QCOM,2017-07-06,0.19713999999999998,0.5094950000000011,49.848938,1
QCOM,2017-07-17,-0.9144333333333333,-0.15466299999999933,51.368332,-1
QCOM,2017-07-19,0.03243333333333333,-2.556584000000001,51.65947,-1
QCOM,2017-07-20,-0.6132,-0.11827399999999955,49.102886,-1
QCOM,2017-07-25,0.24695,-0.11827500000000413,48.466011,-1
QCOM,2017-07-27,0.7717,0.3548320000000018,47.756355,1
QCOM,2017-08-08,0.2049,0.4367109999999954,47.57439,1
QCOM,2017-08-14,-0.08533333333333333,0.2911450000000002,48.720757,1
QCOM,2017-08-24,0.24003333333333335,-0.41852199999999584,47.756355,-1
QCOM,2017-08-30,0.3182,0.13799299999999448,47.944965,1
QCOM,2017-09-04,-0.6808,-1.8581919999999954,,-1
QCOM,2017-09-05,-0.5719,0.3863640000000004,46.022381,1
QCOM,2017-09-06,-0.34040000000000004,-0.06439200000000511,46.408745,-1
QCOM,2017-09-11,0.0258,0.30356599999999645,46.519131,1
QCOM,2017-09-14,0.43239999999999995,0.6531209999999987,47.356236,1
QCOM,2017-10-09,0.25112500000000004,0.9106939999999994,48.644093,1
QCOM,2017-10-10,0.074,0.22997600000000062,49.554787,1
QCOM,2017-10-11,-0.183025,-1.0302849999999992,49.784763,-1
QCOM,2017-10-12,0.6808,-0.1655760000000015,48.754478,-1
QCOM,2017-10-17,-0.3477,-0.18398600000000442,48.211742,-1
QCOM,2017-10-31,-0.01931428571428573,2.2537530000000032,46.923882,1
QCOM,2017-11-01,0.29032,1.2694509999999966,49.177635,1
QCOM,2017-11-02,-0.05933999999999999,6.4116750000000025,50.447086,1
QCOM,2017-11-06,-0.06136666666666667,1.4534340000000014,57.511883,1
QCOM,2017-11-07,0.10606666666666666,1.278652000000001,58.965317,1
QCOM,2017-11-09,0.19592500000000002,-0.02759900000000215,59.425266,-1
